{
  "eval_loss": 1.859320044517517,
  "eval_runtime": 54.8128,
  "eval_samples_per_second": 14.595,
  "eval_steps_per_second": 7.298,
  "epoch": 4.995927233233777,
  "perplexity_proxy": 6.419370401030348
}