{
  "rouge1": 0.2745268501721674,
  "rouge2": 0.07353344608703262,
  "rougeL": 0.19567417570963752,
  "rougeLsum": 0.1955356221693012,
  "sacrebleu": 2.9886955308738155,
  "bertscore_precision": 0.8546204543113709,
  "bertscore_recall": 0.9012838772932689,
  "bertscore_f1": 0.8772435752550761,
  "distinct_1": 0.25625201245035956,
  "distinct_2": 0.754118032071561,
  "prediction_words_mean": 62.11333333333334,
  "prediction_words_std": 18.981231665926096,
  "reference_words_mean": 19.88,
  "length_ratio_pred_ref": 3.1244131455399065,
  "empty_prediction_count": 0,
  "generation_time_total_s": 336.37909370835405,
  "generation_time_mean_s": 1.1212636456945135,
  "tokens_per_second_mean": 67.18155831284155
}