{
  "eval_loss": 1.9273254871368408,
  "eval_runtime": 12.5808,
  "eval_samples_per_second": 23.846,
  "eval_steps_per_second": 11.923,
  "epoch": 0.9984,
  "perplexity_proxy": 6.871108776265995
}