{
  "eval_loss": 1.8912402391433716,
  "eval_runtime": 11.6792,
  "eval_samples_per_second": 25.687,
  "eval_steps_per_second": 12.843,
  "epoch": 0.9984,
  "perplexity_proxy": 6.62758337422475
}