{
  "rouge1": 0.43245820745230473,
  "rouge2": 0.18062691350675622,
  "rougeL": 0.34294106721731943,
  "rougeLsum": 0.3439047699507707,
  "sacrebleu": 12.10890517489146,
  "bertscore_precision": 0.9092010746399561,
  "bertscore_recall": 0.9072197198867797,
  "bertscore_f1": 0.9080309611558914,
  "distinct_1": 0.3547619047619048,
  "distinct_2": 0.8109318996415771,
  "prediction_words_mean": 19.6,
  "prediction_words_std": 11.102252023801297,
  "reference_words_mean": 19.88,
  "length_ratio_pred_ref": 0.9859154929577466,
  "empty_prediction_count": 0,
  "generation_time_total_s": 241.75603131984826,
  "generation_time_mean_s": 0.8058534377328276,
  "tokens_per_second_mean": 32.09286750279309
}