{
  "eval_loss": 1.8189016580581665,
  "eval_runtime": 30.4018,
  "eval_samples_per_second": 26.314,
  "eval_steps_per_second": 13.157,
  "epoch": 3.0,
  "perplexity_proxy": 6.165083360252634
}