{
  "eval_loss": 1.8620349168777466,
  "eval_runtime": 53.8691,
  "eval_samples_per_second": 14.851,
  "eval_steps_per_second": 7.425,
  "epoch": 3.0,
  "perplexity_proxy": 6.43682185081264
}